Data,Saida_Estimada,Saida,Erro
,1,1,0
,1,1,0
,1,1,0
,1,1,0
,1,1,0
,1,1,0
,1,1,0
,1,1,0
,1,1,0
,1,1,0
,1,1,0
,1,1,0
,1,1,0
,1,1,0
,1,1,0
,1,2,1
,2,2,0
,2,2,0
,2,2,0
,2,6,4
,6,6,0
,6,6,0
,6,6,0
,6,7,1
,7,11,4
,12,12,0
,13,14,1
,15,16,1
,17,18,1
,19,21,2
,23,21,-2
,23,22,-1
,24,27,3
,29,33,4
,36,33,-3
,36,36,0
,39,36,-3
,39,39,0
,43,50,7
,55,57,2
,63,60,-3
,66,59,-7
,65,59,-6
,65,63,-2
,69.8202,63,-6.82023
,75.1486,75,-0.148633
,81.0388,76,-5.03878
,87.5499,77,-10.5499
,94.7474,77,-17.7474
,102.704,90,-12.7037
,111.499,90,-21.4989
,121.221,98,-23.2212
,131.968,99,-32.9685
,143.849,99,-44.8488
,156.982,100,-56.9816
,171.499,122,-49.4989
,187.547,125,-62.5467
,205.286,167,-38.2863
,224.896,176,-48.8961
,246.573,176,-70.5732
