Data,Saida_Estimada,Saida,Erro
,1,1,0
,1,2,1
,2,1,-1
,1,2,1
,2,2,0
,2,3,1
,3,7,4
,7,13,6
,13,14,1
,14,17,3
,17,18,1
,18,20,2
,20,20,0
,20,23,3
,23,25,2
,26,25,-1
,26,29,3
,30,30,0
,31,33,2
,34,38,4
,39,40,1
,41,41,0
,42,41,-1
,42,45,3
,46,49,3
,50,49,-1
,50,56,6
,58,56,-2
,58,56,-2
,58,56,-2
,58,60,2
,59.8541,63,3.14586
,61.7832,65,3.21685
,63.7901,67,3.20993
,65.878,68,2.12197
,68.0503,71,2.94969
,70.3103,72,1.68968
,72.6616,72,-0.661594
,75.1078,78,2.89218
,77.6528,85,7.34716
,80.3006,86,5.69936
,83.0554,93,9.94464
,85.9213,94,8.07867
,88.903,94,5.09696
,92.0052,96,3.99484
,95.2326,97,1.76745
,98.5903,105,6.40971
