Data,Saida_Estimada,Saida,Erro
,1,1,0
,1,1,0
,1,1,0
,1,1,0
,1,3,2
,3,3,0
,3,4,1
,4,4,0
,4,4,0
,4,11,7
,11,11,0
,11,13,2
,13,18,5
,18,21,3
,21,23,2
,23,24,1
,24,26,2
,26,26,0
,26,37,11
,38,39,1
,40,40,0
,41,40,-1
,41,39,-2
,40,39,-1
,40,39,-1
,40,50,10
,51,52,1
,53,52,-1
,53,68,15
,70,130,60
,134,132,-2
,136,140,4
,156.728,141,-15.7283
,178.208,141,-37.2084
,200.467,145,-55.4674
,223.534,150,-73.5337
,247.437,239,-8.43652
,272.206,272,-0.20618
,297.874,279,-18.8741
,324.473,279,-45.473
,352.036,322,-30.0364
,380.599,323,-57.5995
,410.198,324,-86.1984
,440.871,376,-64.8707
,472.655,418,-54.6554
,505.593,491,-14.5928
,539.725,494,-45.7247
,575.094,500,-75.0945
