Data,Saida_Estimada,Saida,Erro
,1,1,0
,1,1,0
,1,1,0
,1,2,1
,2,4,2
,4,4,0
,4,4,0
,4,12,8
,12,13,1
,13,14,1
,14,14,0
,14,19,5
,19,19,0
,19,19,0
,19,18,-1
,18,18,0
,18,18,0
,18,19,1
,19,20,1
,21,20,-1
,21,22,1
,23,23,0
,24,23,-1
,24,23,-1
,24,25,1
,26,25,-1
,26,25,-1
,26,28,2
,29,28,-1
,29,28,-1
,29,32,3
,33,32,-1
,33,33,0
,34,34,0
,35,34,-1
,35,34,-1
,35,34,-1
,35,42,7
,44,43,-1
,45,44,-1
,46,45,-1
,47,49,2
,51,49,-2
,51,49,-2
,51,67,16
,70,67,-3
,70,67,-3
,70,72,2
,75,86,11
,79.2532,92,12.7468
,83.7274,98,14.2726
,88.4339,97,8.56614
,93.3848,105,11.6152
,98.5928,105,6.40722
,104.071,104,-0.0712646
,109.834,102,-7.83426
,115.897,104,-11.8965
,122.274,104,-18.2736
,128.982,107,-21.9819
,136.039,108,-28.0386
,143.462,123,-20.4617
,151.27,126,-25.2704
,159.485,156,-3.48455
,168.125,167,-1.1253
,177.215,171,-6.21478
