Data,Saida_Estimada,Saida,Erro
,1,1,0
,1,2,1
,2,2,0
,2,2,0
,2,2,0
,2,2,0
,2,7,5
,7,7,0
,7,7,0
,7,7,0
,7,7,0
,7,7,0
,7,7,0
,7,13,6
,13,15,2
,15,15,0
,15,16,1
,16,16,0
,16,18,2
,18,26,8
,26,27,1
,27,27,0
,27,29,2
,29,29,0
,29,34,5
,35,39,4
,40,43,3
,44,47,3
,48,47,-1
,48,47,-1
,48,49,1
,50,53,3
,54,53,-1
,54,56,2
,57,62,5
,63,68,5
,70,68,-2
,75.0847,70,-5.08475
,80.3319,71,-9.33192
,85.7467,71,-14.7467
,91.3344,86,-5.33445
,97.1007,91,-6.10069
,103.051,92,-11.0511
,109.192,96,-13.1916
,115.528,96,-19.5283
,122.067,96,-26.0674
,128.815,96,-32.8153
,135.779,96,-39.7788
,142.965,146,3.03522
,150.38,146,-4.38028
,158.033,163,4.96736
,165.929,164,-1.92945
,174.079,284,109.921
