Data,Saida_Estimada,Saida,Erro
,2,2,0
,1,2,1
,1,2,1
,1,3,2
,2,2,0
,1,2,1
,1,2,1
,1,2,1
,1,2,1
,1,2,1
,1,3,2
,2,3,1
,2,4,2
,3,4,1
,3,4,1
,3,4,1
,3,5,2
,4,6,2
,5,6,1
,5,6,1
,5,6,1
,5,6,1
,5,9,4
,8,9,1
,8,9,1
,8,12,4
,11,14,3
,13,14,1
,13,14,1
,13,16,3
,15,17,2
,16,17,1
,16,17,1
,16,19,3
,18,20,2
,19,23,4
,22,23,1
,22,23,1
,22,65,43
,64,64,0
,63,66,3
,65,66,1
,65,67,2
,66,67,1
,66,67,1
,66,68,2
,67,68,1
,67,71,4
,70,77,7
,76,84,8
,82,86,4
,84,86,2
,84,87,3
,88.1928,98,9.80722
,92.3334,107,14.6666
,96.4224,112,15.5776
,100.461,113,12.5394
,104.448,116,11.5516
,108.387,117,8.61334
,112.276,123,10.7241
,116.117,129,12.8833
,119.91,132,12.0904
,123.655,143,19.3446
,127.355,146,18.6455
,131.008,156,24.9924
,134.615,156,21.3848
,138.178,163,24.8221
,141.696,168,26.3037
,145.171,172,26.8291
