Data,Saida_Estimada,Saida,Erro
,1,1,0
,1,1,0
,1,1,0
,1,1,0
,1,1,0
,1,1,0
,1,1,0
,1,1,0
,1,1,0
,1,1,0
,1,4,3
,4,4,0
,4,4,0
,4,4,0
,4,4,0
,4,4,0
,4,4,0
,4,5,1
,5,5,0
,5,7,2
,7,8,1
,8,8,0
,8,8,0
,8,8,0
,8,8,0
,8,8,0
,8,11,3
,11,11,0
,11,12,1
,12,13,1
,13,17,4
,17,19,2
,19,21,2
,21,23,2
,23,24,1
,24,27,3
,27,33,6
,33,40,7
,40,65,25
,66,74,8
,75,93,18
,94,109,15
,110,128,18
,130,138,8
,140,174,34
,177,219,42
,222,234,12
,238,253,15
,257,298,41
,303,321,18
,321.849,359,37.1515
,341.027,374,32.9727
,360.542,374,13.4579
,380.399,374,-6.39886
,400.604,374,-26.6035
,421.162,374,-47.1622
,442.081,403,-39.0812
,463.367,469,5.63337
,485.025,478,-7.02505
,507.063,527,19.937
,529.487,555,25.513
,552.304,565,12.696
,575.521,587,11.4793
,599.144,610,10.8557
,623.182,632,8.81821
,647.64,687,39.3595
