Data,Saida_Estimada,Saida,Erro
,0,0,0
,0,0,0
,0,0,0
,0,0,0
,0,0,0
,0,0,0
,0,0,0
,0,0,0
,0,0,0
,0,0,0
,0,0,0
,0,0,0
,0,0,0
,0,0,0
,0,0,0
,0,0,0
,0,0,0
,0,0,0
,0,0,0
,0,0,0
,0,0,0
,0,0,0
,0,0,0
,0,0,0
,0,0,0
,0,0,0
,0,0,0
,0,0,0
,0,0,0
,0,1,1
,0,1,1
,0,2,2
,1,2,1
,1,2,1
,1,2,1
,1,2,1
,1,2,1
,1,2,1
,1,2,1
,1,2,1
,1,2,1
,1,2,1
,1,2,1
,1,2,1
,1.06264,3,1.93736
,1.12456,3,1.87544
,1.18577,3,1.81423
,1.24628,3,1.75372
,1.30609,3,1.69391
,1.36522,3,1.63478
,1.42366,3,1.57634
,1.48144,3,1.51856
,1.53855,3,1.46145
,1.59501,3,1.40499
,1.65082,3,1.34918
,1.70598,3,1.29402
,1.76052,3,1.23948
,1.81443,3,1.18557
,1.86771,3,1.13229
,1.92039,3,1.07961
