Data,Saida_Estimada,Saida,Erro
,0,0,0
,0,0,0
,0,0,0
,0,0,0
,0,0,0
,0,0,0
,0,0,0
,0,0,0
,0,0,0
,0,0,0
,0,1,1
,1,1,0
,1,1,0
,1,2,1
,2,2,0
,2,2,0
,2,2,0
,2,2,0
,2,2,0
,2,2,0
,2,2,0
,2.33574,3,0.664261
,2.68456,3,0.315437
,3.04698,3,-0.0469839
,3.42353,6,2.57647
,3.81475,6,2.18525
,4.22122,6,1.77878
,4.64354,6,1.35646
,5.08231,6,0.917687
,5.53819,6,0.461811
,6.01183,6,-0.0118342
,6.50394,7,0.49606
,7.01523,7,-0.0152263
,7.54644,8,0.453559
,8.09836,8,-0.09836
,8.67179,8,-0.671791
,9.26757,8,-1.26757
