Data,Saida_Estimada,Saida,Erro
,0,0,0
,0,0,0
,0,0,0
,0,0,0
,0,0,0
,0,0,0
,0,0,0
,0,0,0
,0,0,0
,0,0,0
,0,1,1
,0,1,1
,0,1,1
,0,1,1
,0,1,1
,0,1,1
,0,2,2
,1,2,1
,1,2,1
,1,2,1
,1,2,1
,1,2,1
,1,2,1
,1,2,1
,1,2,1
,1,2,1
,1,2,1
,1,2,1
,1,2,1
,1,2,1
,1,2,1
,1.26585,2,0.734154
,1.52247,2,0.477527
,1.7702,2,0.2298
,2.00934,2,-0.00933723
,2.24018,2,-0.240181
,2.46302,3,0.53698
,2.67813,3,0.321869
,2.88578,3,0.114218
,3.08623,3,-0.0862324
,3.27973,3,-0.279731
,3.46652,4,0.53348
,3.64683,4,0.353168
,3.82089,4,0.17911
,3.98891,4,0.0110875
,4.15111,4,-0.151108
,4.30768,4,-0.307679
