Data,Saida_Estimada,Saida,Erro
,0,0,0
,0,0,0
,0,0,0
,0,0,0
,0,0,0
,0,0,0
,0,0,0
,0,0,0
,0,0,0
,0,0,0
,0,0,0
,0,0,0
,0,0,0
,0,0,0
,0,0,0
,0,1,1
,1,2,1
,2,2,0
,2,3,1
,3,5,2
,5,5,0
,5,5,0
,5,5,0
,5,5,0
,5,5,0
,5,5,0
,5,6,1
,6,6,0
,6,6,0
,6,6,0
,6,6,0
,6,6,0
,6.70338,7,0.29662
,7.44208,7,-0.442085
,8.21789,7,-1.21789
,9.03265,7,-2.03265
,9.88833,7,-2.88833
,10.787,8,-2.78698
,11.7308,9,-2.73077
,12.7219,10,-2.72195
,13.7629,11,-2.76291
,14.8561,11,-3.85614
,16.0043,12,-4.00428
,17.2101,12,-5.21008
,18.4764,12,-6.47643
,19.8064,16,-3.80638
,21.2031,18,-3.20312
,22.67,18,-4.67001
