Data,Saida_Estimada,Saida,Erro
,0,0,0
,0,0,0
,0,0,0
,0,0,0
,0,0,0
,0,0,0
,0,0,0
,0,0,0
,0,0,0
,0,0,0
,0,0,0
,0,0,0
,0,0,0
,0,0,0
,0,0,0
,0,0,0
,0,0,0
,0,0,0
,0,0,0
,0,0,0
,0,1,1
,1,1,0
,1,1,0
,1,1,0
,1,1,0
,1,1,0
,1,1,0
,1,1,0
,1,1,0
,1,1,0
,1,1,0
,1,1,0
,1,1,0
,1,1,0
,1,1,0
,1,1,0
,1,1,0
,1,1,0
,1,1,0
,1,1,0
,1,1,0
,1,1,+
,1,1,+
,1,1,+
,1,2,1
,2,2,+
,2,2,+
,2,2,+
,2,2,+
,2,2,+
,2,2,+
,2,2,+
,2,2,+
,2.1151,2,-0.115105
,2.23163,2,-0.231634
,2.34961,2,-0.349605
,2.46904,3,0.530964
,2.58994,3,0.410056
,2.71235,3,0.287652
,2.83627,3,0.163733
,2.96172,3,0.038281
,3.08872,3,-0.0887233
,3.2173,4,0.782701
,3.34747,4,0.652535
,3.47924,5,1.52076
,3.61265,5,1.38735
,3.74771,5,1.25229
,3.88444,5,1.11556
,4.02286,6,1.97714
