Data,Saida_Estimada,Saida,Erro
,0,0,0
,0,0,0
,0,0,0
,0,0,0
,0,0,0
,0,0,0
,0,0,0
,0,0,0
,0,0,0
,0,0,0
,0,0,0
,0,0,0
,0,0,0
,0,0,0
,0,0,0
,0,0,0
,0,0,0
,0,0,0
,0,0,0
,0,0,0
,0,0,0
,0,1,1
,1,1,0
,1,1,0
,1,1,0
,1,1,0
,1,1,0
,1,1,0
,1,1,0
,1,1,0
,1,1,0
,1,1,0
,1,1,0
,1,1,0
,1,1,0
,1,1,0
,1,2,1
,2,2,0
,2,2,0
,2,2,0
,2,2,0
,2,2,+
,2,2,+
,2,2,+
,2,2,+
,2,2,+
,2,2,+
,2,2,+
,2,1,-1
,1,2,1
,2,1,-1
,1,1,+
,1,2,1
,1.1223,3,1.8777
,1.2452,3,1.7548
,1.36868,3,1.63132
,1.49277,3,1.50723
,1.61745,3,1.38255
,1.74273,4,2.25727
,1.86862,4,2.13138
,1.99512,4,2.00488
,2.12223,4,1.87777
,2.24995,5,2.75005
,2.37828,5,2.62172
,2.50724,6,3.49276
,2.63682,6,3.36318
,2.76703,6,3.23297
,2.89786,6,3.10214
,3.02933,6,2.97067
