Data,Saida_Estimada,Saida,Erro
,0,0,0
,0,1,1
,0,1,1
,1,2,1
,1,2,1
,2,3,1
,2,5,3
,4,5,1
,5,7,2
,6,8,2
,8,10,2
,9,11,2
,11,11,0
,11,11,0
,11,11,0
,11,11,0
,11,11,0
,11,13,2
,13,0,-13
,4,18,14
,13,18,5
,19,19,0
,19,22,3
,22,23,1
,23,24,1
,25,28,3
,28,34,6
,34,37,3
,38,38,0
,39,39,0
,40,48,8
,47,56,9
,56,62,6
,63,67,4
,69,76,7
,77,78,1
,81,80,-1
,83,91,8
,92,95,3
,99,98,-1
,102,101,-1
,105,118,13
,119,127,8
,131,128,-3
,135,138,3
,142,145,3
,151,148,-3
,155,167,12
,170,204,34
,203,185,-18
,201,213,12
,216,229,13
,236,215,-21
,234.654,241,6.34621
,253.192,248,-5.1923
,266.354,257,-9.35375
,282.01,264,-18.0102
,297.755,303,5.24459
,314.374,314,-0.373697
,331.661,328,-3.6611
,349.722,357,7.27802
,368.567,390,21.4332
,388.237,421,32.7628
,408.767,443,34.2332
,430.194,453,22.8059
,452.558,474,21.4421
,475.899,493,17.1006
,500.261,511,10.7389
,525.688,535,9.31215
