Data,Saida_Estimada,Saida,Erro
,0,0,0
,0,0,0
,0,0,0
,0,0,0
,0,0,0
,0,0,0
,0,0,0
,0,0,0
,0,0,0
,0,0,0
,0,0,0
,0,0,0
,0,0,0
,0,0,0
,0,0,0
,0,0,0
,0,0,0
,0,0,0
,0,0,0
,0,0,0
,0,0,0
,0,0,0
,0,1,1
,0,1,1
,0,1,1
,0,1,1
,0,2,2
,1,2,1
,1,3,2
,2,3,1
,2,3,1
,2,3,1
,2,3,1
,2,3,1
,2,3,1
,2,5,3
,4,5,1
,4,5,1
,4,6,2
,5,6,1
,5,6,1
,5,6,1
,5,6,1
,5,7,2
,6,7,1
,6,8,2
,7,9,2
,8,9,1
,8,17,9
,16,10,-6
,9,18,9
,17,18,1
,17,11,-6
,17.7333,11,-6.73325
,18.4642,11,-7.46422
,19.1929,20,0.807097
,19.9193,21,1.08069
,20.6435,21,0.356541
,21.3653,21,-0.365345
,22.085,21,-1.08498
,22.8024,21,-1.80237
,23.5175,23,-0.517518
,24.2304,25,0.769563
,24.9411,25,0.0588674
,25.6496,31,5.35039
,26.3559,33,6.64412
,27.0599,33,5.94006
,27.7618,33,5.23819
,28.4615,33,4.53851
