Data,Saida_Estimada,Saida,Erro
,0,0,0
,0,0,0
,0,0,0
,0,0,0
,0,0,0
,0,0,0
,0,0,0
,0,0,0
,0,0,0
,0,0,0
,0,0,0
,0,0,0
,0,0,0
,0,0,0
,0,0,0
,0,0,0
,0,0,0
,0,0,0
,0,0,0
,0,0,0
,0,0,0
,0,0,0
,0,0,0
,0,0,0
,0,0,0
,0,0,0
,0,2,2
,2,2,0
,2,2,0
,2,2,0
,2,2,0
,2,4,2
,4,5,1
,5,4,-1
,4,5,1
,5,5,0
,5,6,1
,6,5,-1
,5,5,0
,5,5,0
,5,5,0
,5,5,+
,5,5,+
,5,5,+
,5,5,+
,5,15,10
,16,15,-1
,16,15,-1
,16,15,-1
,16,19,3
,20,19,-1
,20,25,5
,27,30,3
,29.5413,30,0.458651
,32.2908,34,1.70919
,35.2654,37,1.73459
,38.4836,37,-1.48361
,41.9653,38,-3.96534
,45.7322,43,-2.73219
,49.8075,46,-3.8075
,54.2165,51,-3.21654
,58.9866,57,-1.98663
,64.1473,64,-0.147331
,69.7306,68,-1.73064
,75.7712,73,-2.77117
,82.3063,73,-9.30635
,89.3767,85,-4.37668
,97.026,94,-3.02601
,105.302,105,-0.301725
