Data,Saida_Estimada,Saida,Erro
,0,0,0
,0,1,1
,1,1,0
,1,1,0
,1,1,0
,1,1,0
,1,0,-1
,0,1,1
,1,1,0
,1,1,0
,1,1,0
,1,1,0
,1,1,0
,1,1,0
,1,1,0
,1,1,0
,1,1,0
,1,2,1
,2,2,0
,2,2,0
,2,2,0
,2,2,0
,2,2,0
,2,2,0
,2,2,0
,2,2,0
,2,2,0
,2,2,0
,2,2,0
,2,2,0
,2,2,0
,2,3,1
,3,3,0
,3,3,0
,3,3,0
,3,3,0
,3,3,0
,3,5,2
,5,6,1
,6,7,1
,7,8,1
,8,9,1
,9,9,+
,9,9,+
,9,9,+
,9,9,+
,9,13,4
,13,14,1
,14,15,1
,15,15,+
,15.639,16,0.36104
,16.2801,16,-0.280064
,16.9233,16,-0.92332
,17.5687,17,-0.568734
,18.2163,18,-0.216314
,18.8661,18,-0.866067
,19.518,19,-0.518001
,20.1721,19,-1.17212
,20.8284,21,0.171561
,21.487,21,-0.486958
,22.1477,22,-0.147687
,22.8106,22,-0.810633
,23.4758,23,-0.475804
,24.1432,23,-1.14321
,24.8128,25,0.187151
,25.4847,25,-0.484739
