Data,Saida_Estimada,Saida,Erro
,0,0,0
,0,0,0
,0,2,2
,2,2,0
,2,2,0
,2,2,0
,2,2,0
,2,2,0
,2,2,0
,2,2,0
,2,2,0
,2,3,1
,3,4,1
,4,5,1
,5,5,0
,5,5,0
,5,5,0
,5,5,0
,5,5,0
,5,5,0
,5,5,0
,5,5,0
,5,5,0
,5,5,0
,5,7,2
,7,7,0
,7,7,0
,7,7,0
,7,8,1
,8,8,0
,8,8,0
,8,9,1
,9,11,2
,11,11,0
,11,11,0
,11,13,2
,13,14,1
,14,14,0
,14,14,0
,14,14,0
,14,17,3
,17,18,1
,19,19,+
,20,22,2
,23,22,-1
,23,23,+
,24,26,2
,27,26,-1
,27,26,-1
,27,29,2
,30,34,4
,35,39,4
,41,40,-1
,43.7909,42,-1.79087
,46.7444,45,-1.74436
,49.8699,46,-3.86995
,53.1776,47,-6.17765
,56.6781,49,-7.67808
,60.3825,50,-10.3825
,64.3027,57,-7.30271
,68.4514,66,-2.45137
,72.8418,69,-3.84176
,77.488,75,-2.48796
,82.4049,83,0.595109
,87.6083,85,-2.60831
,93.1149,90,-3.11493
,98.9424,95,-3.9424
,105.109,101,-4.10942
,111.636,107,-4.63577
