Data,Saida_Estimada,Saida,Erro
,0,0,0
,0,0,0
,0,0,0
,0,0,0
,0,0,0
,0,0,0
,0,0,0
,0,0,0
,0,0,0
,0,1,1
,1,0,-1
,0,0,0
,0,0,0
,0,0,0
,0,0,0
,0,0,0
,0,0,0
,0,0,0
,0,0,0
,0,0,0
,0,1,1
,1,1,0
,1,1,0
,1,2,1
,2,2,0
,2,2,0
,2,2,0
,2,2,0
,2,2,0
,2,2,0
,2,2,0
,2,2,0
,2,2,0
,2,2,0
,2,2,0
,2,2,0
,2,2,0
,2,2,0
,2,2,0
,2,2,0
,2,2,0
,2,2,+
,2,3,1
,3,3,+
,3,3,+
,3,4,1
,4,4,+
,4,4,+
,4,4,+
,4,5,1
,5,5,+
,5,7,2
,7,7,+
,7.68275,7,-0.682746
,8.44172,9,0.558279
,9.28544,10,0.714564
,10.2234,10,-0.223352
,11.266,10,-1.26599
,12.425,11,-1.42503
,13.7135,11,-2.71349
,15.1458,11,-4.1458
,16.738,15,-1.73803
,18.508,15,-3.50803
,20.4757,15,-5.47566
,22.663,20,-2.66297
,25.0945,24,-1.0945
,27.7975,25,-2.79751
,30.8023,28,-2.80231
,34.1426,40,5.8574
