Data,Saida_Estimada,Saida,Erro
,0,0,0
,0,0,0
,0,0,0
,0,0,0
,0,0,0
,0,0,0
,0,0,0
,0,0,0
,0,2,2
,2,2,0
,2,2,0
,2,2,0
,2,4,2
,4,7,3
,7,7,0
,7,8,1
,8,8,0
,8,11,3
,11,14,3
,14,16,2
,16,16,0
,16,17,1
,17,17,0
,17,19,2
,19,20,1
,20,25,5
,26,25,-1
,26,28,2
,29,28,-1
,29,28,-1
,29,28,-1
,29,28,-1
,29,29,0
,30,32,2
,33,33,0
,34,36,2
,37,37,0
,38,39,1
,40,40,0
,41,44,3
,45,47,2
,48,52,4
,54,54,+
,56,58,2
,60,59,-1
,61,62,1
,64,63,-1
,65,64,-1
,66,68,2
,70,72,2
,74,75,1
,78,78,+
,81,81,+
,84.86,83,-1.86004
,88.8806,89,0.119422
,93.0683,89,-4.06829
,97.4301,91,-6.43014
,101.973,96,-5.97334
,106.705,98,-8.70546
,111.634,100,-11.6343
,116.768,102,-14.7682
,122.115,109,-13.1155
,127.685,114,-13.6851
,133.486,126,-7.48631
,139.529,130,-9.52875
,145.822,131,-14.8224
,152.378,131,-21.3778
,159.206,153,-6.20576
,166.318,157,-9.31762
