Data,Saida_Estimada,Saida,Erro
,0,0,0
,0,0,0
,0,0,0
,0,0,0
,0,0,0
,0,0,0
,0,0,0
,0,0,0
,0,0,0
,0,0,0
,0,0,0
,0,0,0
,0,0,0
,0,0,0
,0,0,0
,0,0,0
,0,0,0
,0,1,1
,0,1,1
,0,1,1
,0,1,1
,0,1,1
,0,2,2
,1,2,1
,1,2,1
,1,2,1
,1,2,1
,1,2,1
,1,2,1
,1,2,1
,1,2,1
,1,2,1
,1.08892,2,0.911077
,1.17751,2,0.822488
,1.26577,2,0.734231
,1.35369,2,0.646305
,1.44129,2,0.558709
,1.52856,2,0.471441
,1.6155,2,0.3845
,1.70211,3,1.29789
,1.7884,3,1.2116
,1.87437,3,1.12563
,1.96001,3,1.03999
,2.04534,3,0.954663
,2.13034,3,0.86966
,2.21502,3,0.784976
,2.29939,3,0.700609
,2.38344,3,0.616559
