Data,Saida_Estimada,Saida,Erro
,0,0,0
,0,0,0
,0,0,0
,0,0,0
,0,0,0
,0,0,0
,0,0,0
,0,0,0
,0,0,0
,0,0,0
,0,0,0
,0,0,0
,0,0,0
,0,0,0
,0,0,0
,0,0,0
,0,0,0
,0,0,0
,0,0,0
,0,0,0
,0,0,0
,0,0,0
,0,0,0
,0,0,0
,0,1,1
,0,1,1
,0,1,1
,0,1,1
,0,1,1
,0,1,1
,0,1,1
,0.636115,1,0.363885
,1.17801,2,0.821986
,1.63965,2,0.360348
,2.03292,2,-0.0329157
,2.36793,2,-0.367933
,2.65333,2,-0.65333
,2.89646,3,0.103543
,3.10357,4,0.896426
,3.28002,4,0.719985
,3.43032,4,0.569677
,3.55837,4,0.441631
,3.66745,4,0.332551
,3.76037,4,0.239626
,3.83954,4,0.160465
,3.90697,4,0.093028
,3.96442,5,1.03558
