Data,Saida_Estimada,Saida,Erro
,0,0,0
,0,0,0
,0,0,0
,0,0,0
,0,0,0
,0,2,2
,2,2,0
,2,2,0
,2,3,1
,3,4,1
,4,4,0
,4,4,0
,4,4,0
,4,4,0
,4,4,0
,4,4,0
,4,4,0
,4,4,0
,4,4,0
,4,4,0
,4,4,0
,4,4,0
,4,4,0
,4,4,0
,4,4,0
,4,5,1
,5,5,0
,5,5,0
,5,6,1
,6,6,0
,6,6,0
,6,7,1
,7,7,0
,7,7,0
,7,7,0
,7,7,0
,7,7,0
,7,8,1
,8,8,0
,8,10,2
,10,10,0
,10,11,1
,11,13,2
,13,13,+
,13,13,+
,13,13,+
,13,15,2
,15,18,3
,19,19,+
,20,20,+
,21,23,2
,24,24,+
,25,27,2
,26.882,29,2.11801
,28.8725,33,4.12748
,30.9778,38,7.02216
,33.2046,41,7.79543
,35.5597,44,8.44027
,38.0507,48,9.9493
,40.6853,54,13.3147
,43.4719,57,13.5281
,46.4192,59,12.5808
,49.5364,65,15.4636
,52.8335,68,15.1665
,56.3206,71,14.6794
,60.0089,75,14.9911
,63.9099,79,15.0901
,68.0358,83,14.9642
,72.3997,85,12.6003
