Data,Saida_Estimada,Saida,Erro
,0,0,0
,0,0,0
,0,0,0
,0,0,0
,0,0,0
,0,0,0
,0,0,0
,0,0,0
,0,0,0
,0,0,0
,0,0,0
,0,0,0
,0,0,0
,0,0,0
,0,0,0
,0,0,0
,0,0,0
,0,0,0
,0,0,0
,0,0,0
,0,0,0
,0,0,0
,0,0,0
,0,0,0
,0,0,0
,0,0,0
,0,0,0
,0,0,0
,0,0,0
,0,0,0
,0,0,0
,0,0,0
,0,0,0
,0,0,0
,0,0,0
,0,0,0
,0,1,1
,1,1,0
,1,1,0
,1,1,0
,1,1,0
,1,1,+
,1,1,+
,1,1,+
,1,1,+
,1.151,1,-0.150998
,1.31141,1,-0.311414
,1.48184,1,-0.481836
,1.66289,1,-0.662888
,1.85523,1,-0.855232
,2.05957,1,-1.05957
,2.27666,1,-1.27666
,2.50729,1,-1.50729
,2.7523,2,-0.7523
,3.01259,3,-0.012594
,3.28912,3,-0.289123
,3.5829,4,0.417099
,3.895,5,1.105
,4.22657,5,0.77343
,4.57882,5,0.421181
,4.95304,5,0.0469619
